<Ui xmlns="http://www.blizzard.com/wow/ui/" xmlns:xsi="http://www.w3.org/2001/XMLSchema-instance" xsi:schemaLocation="http://www.blizzard.com/wow/ui/..\FrameXML\UI.xsd">
	<Script file="EmergenSee.lua"/>
	
	<Frame name="EmergenSeeFrame" frameStrate="MEDIUM" enableMouse="true" movable="true" parent="UIParent" resizable="true" hidden="true">
		<Size>
			<AbsDimension x="300" y="100"/>
		</Size>
		<Anchors>
			<Anchor point="CENTER">
			</Anchor>
		</Anchors>
		<Backdrop name="$parentBackdrop" bgFile="Interface\TutorialFrame\TutorialFrameBackground" edgeFile="Interface\DialogFrame\UI-DialogBox-Border" tile="true" hidden="true">
			<EdgeSize>
				<AbsValue val="32"/>
			</EdgeSize>
			<TileSize>
				<AbsValue val="32"/>
			</TileSize>
			<BackgroundInsets>
				<AbsInset left="5" right="5" top="5" bottom="5"/>
			</BackgroundInsets>
		</Backdrop>
		<Layers>
			<Layer level="ARTWORK">
				<FontString name="EmergenSeeHPFrameText" font="Fonts\FRIZQT__.TTF" outline="NORMAL" justifyH="CENTER" justifyV="CENTER">
					<FontHeight>
						<AbsValue val="36"/>
					</FontHeight>
					<Color r="0" g="1" b="0.8"/>
					<Anchors>
						<Anchor point="TOPLEFT" relativeto="$parent">
							<Offset>
								<AbsDimension x="5" y="-5"/>
							</Offset>
						</Anchor>
						<Anchor point="BOTTOMRIGHT" relativeto="$parent">
							<Offset>
								<AbsDimension x="-5" y="40"/>
							</Offset>
						</Anchor>
					</Anchors>
					<Shadow>
						<Color r="0" g="0" b="0" />
						<Offset>
							<AbsDimension x="2" y="-2" />
						</Offset>
					</Shadow>
				</FontString>
				<FontString name="EmergenSeeMPFrameText" font="Fonts\FRIZQT__.TTF" outline="NORMAL" justifyH="CENTER" justifyV="CENTER">
					<FontHeight>
						<AbsValue val="32"/>
					</FontHeight>
					<Color r="0" g="1" b="0.8"/>
					<Anchors>
						<Anchor point="TOPLEFT" relativeto="$parent">
							<Offset>
								<AbsDimension x="5" y="-40"/>
							</Offset>
						</Anchor>
						<Anchor point="BOTTOMRIGHT" relativeto="$parent">
							<Offset>
								<AbsDimension x="-5" y="5"/>
							</Offset>
						</Anchor>
					</Anchors>
					<Shadow>
						<Color r="0" g="0" b="0" />
						<Offset>
							<AbsDimension x="2" y="-2" />
						</Offset>
					</Shadow>
				</FontString>
			</Layer>
		</Layers>
		<Scripts>
			<OnMouseDown>
				EmergenSee_OnMouseDown(arg1);
			</OnMouseDown>
			<OnMouseUp>
				EmergenSee_OnMouseUp(arg1);
			</OnMouseUp>
		</Scripts>
	</Frame>
	
	<Button name="EmergenSeeCast" inherits="SecureActionButtonTemplate" parent="EmergenSeeFrame" hidden="true">
		<Anchors>
			<Anchor point="TOPLEFT" relativeTo="EmergenSeeFrame"/>
			<Anchor point="BOTTOMRIGHT" relativeTo="EmergenSeeFrame"/>
		</Anchors>
		<Scripts>
			<OnLoad>
				this:SetAttribute("type","item");
				this:SetAttribute("item",EmergenSeeSettings.ItemToUse);
			</OnLoad>
			<OnUpdate>
				this:SetAttribute("type","item");
				this:SetAttribute("item",EmergenSeeSettings.ItemToUse);
			</OnUpdate>
			<OnMouseDown>
				EmergenSee_OnMouseDown(arg1);
			</OnMouseDown>
			<OnMouseUp>
				EmergenSee_OnMouseUp(arg1);
			</OnMouseUp>
		</Scripts>
	</Button>
	
	<Frame name="EmergenSeeOptionsFrame" toplevel="true" parent="UIParent" frameStrata="DIALOG" hidden="true" enableMouse="true" movable="true">
		<Size>
			<AbsDimension x="500" y="350"/>
		</Size>
		<Anchors>
			<Anchor point="CENTER"/>
		</Anchors>
		<Backdrop bgFile="Interface\DialogFrame\UI-DialogBox-Background" edgeFile="Interface\DialogFrame\UI-DialogBox-Border" tile="true">
			<BackgroundInsets>
				<AbsInset left="11" right="12" top="12" bottom="11"/>
			</BackgroundInsets>
			<TileSize>
				<AbsValue val="32"/>
			</TileSize>
			<EdgeSize>
				<AbsValue val="32"/>
			</EdgeSize>
		</Backdrop>
		<Layers>
			<Layer level="ARTWORK">
				<Texture file="Interface\DialogFrame\UI-DialogBox-Header">
					<Size>
						<AbsDimension x="256" y="64"/>
					</Size>
					<Anchors>
						<Anchor point="TOP">
						<Offset>
							<AbsDimension x="0" y="12.5"/>
						</Offset>
						</Anchor>
					</Anchors>
				</Texture>
			</Layer>
			<Layer level="OVERLAY">
				<FontString name="EmergenSeeOptionsFrameTitle" inherits="GameFontNormal">
					<Anchors>
						<Anchor point="TOP"/>
					</Anchors>
				</FontString>
			</Layer>
			<Layer level="OVERLAY">
				<FontString name="EmergenSeeHPClickEditBoxText" inherits="GameFontNormalSmall">
					<Anchors>
						<Anchor point="TOP">
							<Offset>
								<AbsDimension x="120" y="-240"/>
							</Offset>
						</Anchor>
					</Anchors>
				</FontString>
			</Layer>
		</Layers>
		<Frames>
			<Button name="$parentButtonClose" inherits="OptionsButtonTemplate" text="Close">
				<Anchors>
					<Anchor point="BOTTOM">
						<Offset>
							<AbsDimension x="0" y="16"/>
						</Offset>
					</Anchor>
				</Anchors>
				<Scripts>
					<OnClick>
						EmergenSeeOptionsFrame:Hide();
					</OnClick>
				</Scripts>
			</Button>
			
			<CheckButton name="EmergenSeeEnabledButton" inherits="OptionsCheckButtonTemplate">
				<Anchors>
					<Anchor point="TOP">
						<Offset>
							<AbsDimension x="-200" y="-25"/>
						</Offset>
					</Anchor>
				</Anchors>
				<Scripts>
					<OnLoad>
						EmergenSeeEnabledButton_OnLoad();
					</OnLoad>
					<OnClick>
						EmergenSeeOptionsFrame_OnClick();
					</OnClick>
				</Scripts>
			</CheckButton>
			
			<CheckButton name="EmergenSeeShowHPButton" inherits="OptionsCheckButtonTemplate">
				<Anchors>
					<Anchor point="TOP">
						<Offset>
							<AbsDimension x="-160" y="-70"/>
						</Offset>
					</Anchor>
				</Anchors>
				<Scripts>
					<OnLoad>
						EmergenSeeShowHPButton_OnLoad();
					</OnLoad>
					<OnClick>
						EmergenSeeOptionsFrame_OnClick();
					</OnClick>
				</Scripts>
			</CheckButton>
			
			<CheckButton name="EmergenSeeShowHPpButton" inherits="OptionsCheckButtonTemplate">
				<Anchors>
					<Anchor point="TOP">
						<Offset>
							<AbsDimension x="-160" y="-100"/>
						</Offset>
					</Anchor>
				</Anchors>
				<Scripts>
					<OnLoad>
						EmergenSeeShowHPpButton_OnLoad();
					</OnLoad>
					<OnClick>
						EmergenSeeOptionsFrame_OnClick();
					</OnClick>
				</Scripts>
			</CheckButton>
			
			<Slider name="EmergenSeeShowHPPercentSlider" inherits="OptionsSliderTemplate">
				<Size>
					<AbsDimension x="150" y="16"/>
				</Size>
				<Anchors>
					<Anchor point="TOP">
						<Offset>
							<AbsDimension x="-120" y="-145"/>
						</Offset>
					</Anchor>
				</Anchors>
				<Scripts>
					<OnLoad>
						EmergenSeeShowHPPercentSlider_OnLoad();
					</OnLoad>
					<OnValueChanged>
						EmergenSeeOptionsFrame_OnClick();
					</OnValueChanged>
				</Scripts>
			</Slider>
			
			<Slider name="EmergenSeeShowHPSizeSlider" inherits="OptionsSliderTemplate">
				<Size>
					<AbsDimension x="150" y="16"/>
				</Size>
				<Anchors>
					<Anchor point="TOP">
						<Offset>
							<AbsDimension x="-120" y="-180"/>
						</Offset>
					</Anchor>
				</Anchors>
				<Scripts>
					<OnLoad>
						EmergenSeeShowHPSizeSlider_OnLoad();
					</OnLoad>
					<OnValueChanged>
						EmergenSeeOptionsFrame_OnClick();
					</OnValueChanged>
				</Scripts>
			</Slider>
			
			<EditBox name="EmergenSeeHPClickEditBox" enableMouse="true" autoFocus="false">
				<Size>
					<AbsDimension x="150" y="30"/>
				</Size>
				<Anchors>
					<Anchor point="TOP">
						<Offset>
							<AbsDimension x="125" y="-255"/>
						</Offset>
					</Anchor>
				</Anchors>
				<Layers>
					<Layer level="BACKGROUND">
						<Texture name="$parentLeft" file="Interface\Common\Common-Input-Border">
							<Size>
								<AbsDimension x="8" y="20"/>
							</Size>
							<Anchors>
								<Anchor point="LEFT">
									<Offset>
										<AbsDimension x="-5" y="0"/>
									</Offset>
								</Anchor>
							</Anchors>
							<TexCoords left="0" right="0.0625" top="0" bottom="0.625"/>
						</Texture>
						<Texture name="$parentRight" file="Interface\Common\Common-Input-Border">
							<Size>
								<AbsDimension x="8" y="20"/>
							</Size>
							<Anchors>
								<Anchor point="RIGHT">
									<Offset>
										<AbsDimension x="0" y="0"/>
									</Offset>
								</Anchor>
							</Anchors>
							<TexCoords left="0.9375" right="1.0" top="0" bottom="0.625"/>
						</Texture>
						<Texture name="$parentMiddle" file="Interface\Common\Common-Input-Border">
							<Size>
								<AbsDimension x="10" y="20"/>
							</Size>
							<Anchors>
								<Anchor point="LEFT" relativeTo="$parentLeft" relativePoint="RIGHT"/>
								<Anchor point="RIGHT" relativeTo="$parentRight" relativePoint="LEFT"/>
							</Anchors>
							<TexCoords left="0.0625" right="0.9375" top="0" bottom="0.625"/>
						</Texture>
						<FontString name="$parentLargeText" inherits="GameFontNormal">
							<Anchors>
								<Anchor point="LEFT" relativePoint="RIGHT">
									<Offset>
										<AbsDimension x="3" y="0"/>
									</Offset>
								</Anchor>
							</Anchors>
						</FontString>
						<FontString name="$parentText" inherits="GameFontNormalSmall">
							<Anchors>
								<Anchor point="LEFT" relativePoint="RIGHT">
									<Offset>
										<AbsDimension x="3" y="0"/>
									</Offset>
								</Anchor>
							</Anchors>
						</FontString>
					</Layer>
				</Layers>
				<FontString inherits="ChatFontNormal"/>
				<Scripts>
					<OnLoad>
						this:SetText(EmergenSeeSettings.ItemToUse)
					</OnLoad>
					<OnShow>
						this:SetText(EmergenSeeSettings.ItemToUse)
					</OnShow>
					<OnEnterPressed>
						local text = this:GetText()
						EmergenSeeSettings.ItemToUse = text
						this:ClearFocus()
					</OnEnterPressed>
					<OnEscapePressed>
						this:ClearFocus()
					</OnEscapePressed>	
				</Scripts>
			</EditBox>
			
			<CheckButton name="EmergenSeeShowMPButton" inherits="OptionsCheckButtonTemplate">
				<Anchors>
					<Anchor point="TOP">
						<Offset>
							<AbsDimension x="80" y="-70"/>
						</Offset>
					</Anchor>
				</Anchors>
				<Scripts>
					<OnLoad>
						EmergenSeeShowMPButton_OnLoad();
					</OnLoad>
					<OnClick>
						EmergenSeeOptionsFrame_OnClick();
					</OnClick>
				</Scripts>
			</CheckButton>
			
			<CheckButton name="EmergenSeeShowMPpButton" inherits="OptionsCheckButtonTemplate">
				<Anchors>
					<Anchor point="TOP">
						<Offset>
							<AbsDimension x="80" y="-100"/>
						</Offset>
					</Anchor>
				</Anchors>
				<Scripts>
					<OnLoad>
						EmergenSeeShowMPpButton_OnLoad();
					</OnLoad>
					<OnClick>
						EmergenSeeOptionsFrame_OnClick();
					</OnClick>
				</Scripts>
			</CheckButton>
			
			<Slider name="EmergenSeeShowMPPercentSlider" inherits="OptionsSliderTemplate">
				<Size>
					<AbsDimension x="150" y="16"/>
				</Size>
				<Anchors>
					<Anchor point="TOP">
						<Offset>
							<AbsDimension x="120" y="-145"/>
						</Offset>
					</Anchor>
				</Anchors>
				<Scripts>
					<OnLoad>
						EmergenSeeShowMPPercentSlider_OnLoad();
					</OnLoad>
					<OnValueChanged>
						EmergenSeeOptionsFrame_OnClick();
					</OnValueChanged>
				</Scripts>
			</Slider>
			
			<Slider name="EmergenSeeShowMPSizeSlider" inherits="OptionsSliderTemplate">
				<Size>
					<AbsDimension x="150" y="16"/>
				</Size>
				<Anchors>
					<Anchor point="TOP">
						<Offset>
							<AbsDimension x="120" y="-180"/>
						</Offset>
					</Anchor>
				</Anchors>
				<Scripts>
					<OnLoad>
						EmergenSeeShowMPSizeSlider_OnLoad();
					</OnLoad>
					<OnValueChanged>
						EmergenSeeOptionsFrame_OnClick();
					</OnValueChanged>
				</Scripts>
			</Slider>
			
			<CheckButton name="EmergenSeeShowBGButton" inherits="OptionsCheckButtonTemplate">
				<Anchors>
					<Anchor point="TOP">
						<Offset>
							<AbsDimension x="-200" y="-230"/>
						</Offset>
					</Anchor>
				</Anchors>
				<Scripts>
					<OnLoad>
						EmergenSeeShowBGButton_OnLoad();
					</OnLoad>
					<OnClick>
						EmergenSeeOptionsFrame_OnClick();
					</OnClick>
				</Scripts>
			</CheckButton>
			
			<CheckButton name="EmergenSeeLockButton" inherits="OptionsCheckButtonTemplate">
				<Anchors>
					<Anchor point="TOP">
						<Offset>
							<AbsDimension x="-200" y="-260"/>
						</Offset>
					</Anchor>
				</Anchors>
				<Scripts>
					<OnLoad>
						EmergenSeeLockButton_OnLoad();
					</OnLoad>
					<OnClick>
						EmergenSeeOptionsFrame_OnClick();
					</OnClick>
				</Scripts>
			</CheckButton>
			
		</Frames>
		
		<Scripts>
			<OnShow>
				EmergenSeeOptionsFrame_OnShow();
			</OnShow>
			<OnLoad>
				EmergenSeeOptionsFrame_OnLoad();
			</OnLoad>
			<OnMouseDown>
				EmergenSeeOptionsFrame_OnMouseDown();
			</OnMouseDown>
			<OnMouseUp>
				EmergenSeeOptionsFrame_OnMouseUp();
			</OnMouseUp>
		</Scripts>
	</Frame>
	
	<Frame name="HiddenEmergenSeeFrame">
		<Scripts>
			<OnLoad>
				HiddenEmergenSee_OnLoad();
			</OnLoad>
			<OnEvent>
				HiddenEmergenSee_OnEvent(event);
			</OnEvent>
		</Scripts>
	</Frame>
	
</Ui>